lval,op,rval,Estimate,Est. Std,Std. Err,z-value,p-value,abs_std
delta_oppose,~,Factor3,-0.9635613498271033,-0.28264343754288446,0.35581268112319125,-2.708057921889485,0.006767820966824711,0.28264343754288446
delta_oppose,~,Factor4,0.7136380646053735,0.20934828971424102,0.3651681522391061,1.954272463870674,0.05066900353231807,0.20934828971424102
delta_oppose,~,Factor2,-0.3006798707217035,-0.08799988868505498,0.41289588511165404,-0.728222008411797,0.4664776955632921,0.08799988868505498
delta_oppose,~,Factor1,-0.19051386485297722,-0.05574391164119169,0.39505741785299914,-0.4822434821952519,0.6296329912122092,0.05574391164119169
