lval,op,rval,Estimate,Est. Std,Std. Err,z-value,p-value,abs_std
delta_support,~,Factor3,0.5583155052987687,0.17001919842973978,0.3522699163172461,1.5849082746946177,0.11298717620502097,0.17001919842973978
delta_support,~,Factor2,-0.43185158201316265,-0.13116495580835574,0.4167572016847112,-1.036218643052591,0.3001001511785999,0.13116495580835574
delta_support,~,Factor1,0.2534242523273096,0.07698140432134111,0.39819383428459193,0.6364343957810986,0.5244933281605393,0.07698140432134111
delta_support,~,Factor4,-0.13172038239311204,-0.04003202876059091,0.3621458405010531,-0.36372192542790033,0.7160656690569414,0.04003202876059091
